-- --------------------------------------------------------
-- Host:                         127.0.0.1
-- Server version:               8.3.0 - MySQL Community Server - GPL
-- Server OS:                    Win64
-- HeidiSQL Version:             12.4.0.6659
-- --------------------------------------------------------

/*!40101 SET @OLD_CHARACTER_SET_CLIENT=@@CHARACTER_SET_CLIENT */;
/*!40101 SET NAMES utf8 */;
/*!50503 SET NAMES utf8mb4 */;
/*!40103 SET @OLD_TIME_ZONE=@@TIME_ZONE */;
/*!40103 SET TIME_ZONE='+00:00' */;
/*!40014 SET @OLD_FOREIGN_KEY_CHECKS=@@FOREIGN_KEY_CHECKS, FOREIGN_KEY_CHECKS=0 */;
/*!40101 SET @OLD_SQL_MODE=@@SQL_MODE, SQL_MODE='NO_AUTO_VALUE_ON_ZERO' */;
/*!40111 SET @OLD_SQL_NOTES=@@SQL_NOTES, SQL_NOTES=0 */;


-- Dumping database structure for map
CREATE DATABASE IF NOT EXISTS `map` /*!40100 DEFAULT CHARACTER SET utf8mb3 */ /*!80016 DEFAULT ENCRYPTION='N' */;
USE `map`;

-- Dumping structure for table map.members
CREATE TABLE IF NOT EXISTS `members` (
  `Id` char(36) NOT NULL,
  `FullName` longtext NOT NULL,
  `Email` longtext NOT NULL,
  `Password` longtext NOT NULL,
  `Role` int NOT NULL,
  `AssignDate` datetime(6) NOT NULL,
  `ExpirationDate` datetime(6) DEFAULT NULL,
  `OrganizationId` char(36) NOT NULL,
  PRIMARY KEY (`Id`),
  KEY `IX_Members_OrganizationId` (`OrganizationId`),
  CONSTRAINT `FK_Members_Organizations_OrganizationId` FOREIGN KEY (`OrganizationId`) REFERENCES `organizations` (`Id`) ON DELETE CASCADE
) ENGINE=InnoDB DEFAULT CHARSET=utf8mb3;

-- Dumping data for table map.members: ~2 rows (approximately)
REPLACE INTO `members` (`Id`, `FullName`, `Email`, `Password`, `Role`, `AssignDate`, `ExpirationDate`, `OrganizationId`) VALUES
	('39f47920-b068-4ce2-a3cd-08dc2f33e7a0', 'Satan', '7@ring.hell', '519ba91a5a5b4afb9dc66f8805ce8c442b6576316c19c6896af2fa9bda6aff71', 0, '2024-02-17 00:11:55.548900', NULL, '7940ab73-6198-4671-5f02-08dc2f33e79f'),
	('b970bcc9-dcfc-447c-1629-08dc2f16935c', 'Edit', 'edik@factory.io', '0ffe1abd1a08215353c233d6e009613e95eec4253832a761af28ff37ac5a150c', 3, '2024-02-16 20:45:57.079447', NULL, '7be36664-586d-4e78-1cac-08dc2f0ac00f'),
	('bb2a0457-66a9-4bcf-da72-08dc2f0ac017', 'Fullname', 'my@factory.io', '6885d4d03dcb39865911ed7d60f644d3517e6b488484914b0f8026418e5ad02c', 0, '2024-02-16 19:17:19.789843', NULL, '7be36664-586d-4e78-1cac-08dc2f0ac00f'),
	('ca29e7ab-7e3b-46b9-a3cf-08dc2f33e7a0', 'Igor Kalashnikov', 'igor@yandex.ru', '954adfa4d922fa301b7cb094dcdfaa4dd12fdf957e93b59a2fedc323b418c004', 3, '2024-02-17 00:13:30.857115', NULL, '7be36664-586d-4e78-1cac-08dc2f0ac00f'),
	('d5c4481a-958a-4c27-a3ce-08dc2f33e7a0', 'Mother', 'mom@love.you', '686f746a95b6f836d7d70567c302c3f9ebb5ee0def3d1220ee9d4e9f34f5e131', 3, '2024-02-17 00:12:57.984800', NULL, '7be36664-586d-4e78-1cac-08dc2f0ac00f');

-- Dumping structure for table map.nodelinks
CREATE TABLE IF NOT EXISTS `nodelinks` (
  `Id` int NOT NULL AUTO_INCREMENT,
  `NodeAId` int NOT NULL,
  `NodeBId` int NOT NULL,
  `WeightFactor` float NOT NULL,
  `SchemaId` int NOT NULL,
  PRIMARY KEY (`Id`),
  KEY `IX_NodeLinks_NodeAId` (`NodeAId`),
  KEY `IX_NodeLinks_NodeBId` (`NodeBId`),
  KEY `IX_NodeLinks_SchemaId` (`SchemaId`),
  CONSTRAINT `FK_NodeLinks_Nodes_NodeAId` FOREIGN KEY (`NodeAId`) REFERENCES `nodes` (`Id`) ON DELETE CASCADE,
  CONSTRAINT `FK_NodeLinks_Nodes_NodeBId` FOREIGN KEY (`NodeBId`) REFERENCES `nodes` (`Id`) ON DELETE CASCADE,
  CONSTRAINT `FK_NodeLinks_Schemas_SchemaId` FOREIGN KEY (`SchemaId`) REFERENCES `schemas` (`Id`) ON DELETE CASCADE
) ENGINE=InnoDB AUTO_INCREMENT=241 DEFAULT CHARSET=utf8mb3;

-- Dumping data for table map.nodelinks: ~205 rows (approximately)
REPLACE INTO `nodelinks` (`Id`, `NodeAId`, `NodeBId`, `WeightFactor`, `SchemaId`) VALUES
	(36, 9, 8, 1, 9),
	(37, 8, 7, 1, 9),
	(38, 7, 6, 1, 9),
	(39, 6, 5, 1, 9),
	(40, 5, 4, 1, 9),
	(41, 4, 3, 1, 9),
	(42, 3, 2, 1, 9),
	(43, 2, 1, 1, 9),
	(44, 1, 23, 1, 9),
	(45, 23, 22, 1, 9),
	(46, 22, 21, 1, 9),
	(47, 21, 20, 1, 9),
	(48, 20, 19, 1, 9),
	(49, 19, 18, 1, 9),
	(50, 18, 17, 1, 9),
	(51, 17, 16, 1, 9),
	(52, 16, 14, 1, 9),
	(53, 14, 15, 1, 9),
	(54, 15, 12, 1, 9),
	(55, 12, 13, 1, 9),
	(56, 13, 11, 1, 9),
	(57, 11, 10, 1, 9),
	(58, 10, 9, 1, 9),
	(59, 1, 24, 1, 9),
	(60, 26, 13, 1, 9),
	(61, 25, 18, 1, 9),
	(62, 19, 27, 1, 9),
	(63, 28, 27, 1, 9),
	(64, 28, 19, 1, 9),
	(65, 28, 29, 1, 9),
	(66, 29, 30, 1, 9),
	(67, 30, 31, 1, 9),
	(68, 31, 32, 1, 9),
	(69, 32, 33, 1, 9),
	(70, 33, 9, 1, 9),
	(71, 132, 133, 1, 11),
	(72, 133, 135, 1, 11),
	(73, 135, 134, 1, 11),
	(74, 134, 133, 1, 11),
	(75, 134, 136, 1, 11),
	(76, 134, 137, 1, 11),
	(77, 135, 137, 1, 11),
	(78, 137, 133, 1, 11),
	(79, 136, 137, 1, 11),
	(80, 136, 135, 1, 11),
	(81, 52, 136, 1, 11),
	(82, 43, 53, 1, 11),
	(83, 53, 54, 1, 11),
	(84, 54, 55, 1, 11),
	(85, 55, 58, 1, 11),
	(86, 58, 57, 1, 11),
	(87, 57, 60, 1, 11),
	(88, 60, 61, 1, 11),
	(89, 61, 62, 1, 11),
	(90, 62, 39, 1, 11),
	(91, 57, 39, 1, 11),
	(92, 39, 56, 1, 11),
	(93, 56, 58, 1, 11),
	(94, 56, 40, 1, 11),
	(95, 40, 41, 1, 11),
	(96, 41, 55, 1, 11),
	(97, 42, 54, 1, 11),
	(98, 42, 41, 1, 11),
	(99, 42, 43, 1, 11),
	(100, 43, 52, 1, 11),
	(101, 52, 51, 1, 11),
	(102, 64, 51, 1, 11),
	(103, 43, 64, 1, 11),
	(104, 64, 65, 1, 11),
	(105, 65, 63, 1, 11),
	(106, 63, 42, 1, 11),
	(107, 63, 67, 1, 11),
	(108, 67, 66, 1, 11),
	(109, 65, 49, 1, 11),
	(110, 138, 48, 1, 11),
	(111, 139, 71, 1, 11),
	(112, 141, 72, 1, 11),
	(113, 142, 47, 1, 11),
	(114, 84, 98, 1, 11),
	(115, 98, 99, 1, 11),
	(116, 114, 113, 1, 11),
	(117, 113, 112, 1, 11),
	(118, 112, 115, 1, 11),
	(119, 115, 121, 1, 11),
	(120, 111, 110, 1, 11),
	(121, 110, 109, 1, 11),
	(122, 109, 108, 1, 11),
	(123, 108, 107, 1, 11),
	(124, 110, 80, 1, 11),
	(125, 80, 79, 1, 11),
	(126, 79, 83, 1, 11),
	(127, 83, 82, 1, 11),
	(128, 82, 80, 1, 11),
	(129, 82, 106, 1, 11),
	(130, 80, 81, 1, 11),
	(131, 81, 78, 1, 11),
	(132, 78, 79, 1, 11),
	(133, 77, 78, 1, 11),
	(134, 119, 75, 1, 11),
	(135, 75, 74, 1, 11),
	(136, 74, 76, 1, 11),
	(137, 76, 73, 1, 11),
	(138, 73, 75, 1, 11),
	(139, 118, 117, 1, 11),
	(140, 117, 117, 1, 11),
	(141, 44, 120, 1, 11),
	(142, 120, 116, 1, 11),
	(143, 116, 115, 1, 11),
	(144, 120, 121, 1, 11),
	(145, 116, 73, 1, 11),
	(146, 76, 81, 1, 11),
	(147, 77, 74, 1, 11),
	(148, 119, 117, 1, 11),
	(149, 66, 49, 1, 11),
	(150, 49, 50, 1, 11),
	(151, 66, 70, 1, 11),
	(152, 70, 59, 1, 11),
	(153, 59, 68, 1, 11),
	(154, 68, 69, 1, 11),
	(155, 69, 70, 1, 11),
	(156, 69, 94, 1, 11),
	(157, 94, 93, 1, 11),
	(158, 93, 91, 1, 11),
	(159, 91, 92, 1, 11),
	(160, 92, 83, 1, 11),
	(161, 67, 59, 1, 11),
	(162, 41, 59, 1, 11),
	(163, 99, 100, 1, 11),
	(164, 100, 68, 1, 11),
	(165, 51, 46, 1, 11),
	(166, 46, 45, 1, 11),
	(167, 45, 123, 1, 11),
	(168, 123, 122, 1, 11),
	(169, 122, 120, 1, 11),
	(170, 122, 124, 1, 11),
	(171, 124, 125, 1, 11),
	(172, 124, 126, 1, 11),
	(173, 126, 129, 1, 11),
	(174, 126, 127, 1, 11),
	(175, 127, 128, 1, 11),
	(176, 128, 130, 1, 11),
	(177, 130, 131, 1, 11),
	(178, 130, 46, 1, 11),
	(179, 116, 111, 1, 11),
	(180, 111, 112, 1, 11),
	(181, 109, 106, 1, 11),
	(182, 106, 105, 1, 11),
	(183, 105, 108, 1, 11),
	(184, 105, 104, 1, 11),
	(185, 104, 107, 1, 11),
	(186, 104, 103, 1, 11),
	(187, 103, 96, 1, 11),
	(188, 96, 105, 1, 11),
	(189, 106, 95, 1, 11),
	(190, 95, 92, 1, 11),
	(191, 95, 96, 1, 11),
	(192, 91, 90, 1, 11),
	(193, 90, 95, 1, 11),
	(194, 90, 85, 1, 11),
	(195, 85, 96, 1, 11),
	(196, 85, 102, 1, 11),
	(197, 102, 103, 1, 11),
	(198, 102, 101, 1, 11),
	(199, 101, 86, 1, 11),
	(200, 86, 85, 1, 11),
	(201, 89, 93, 1, 11),
	(202, 89, 86, 1, 11),
	(203, 89, 90, 1, 11),
	(204, 94, 88, 1, 11),
	(205, 88, 89, 1, 11),
	(206, 88, 87, 1, 11),
	(207, 87, 86, 1, 11),
	(208, 97, 87, 1, 11),
	(209, 97, 101, 1, 11),
	(210, 97, 98, 1, 11),
	(211, 99, 87, 1, 11),
	(212, 88, 100, 1, 11),
	(213, 45, 44, 1, 11),
	(214, 144, 114, 1, 11),
	(215, 114, 143, 1, 11),
	(216, 143, 107, 1, 11),
	(217, 148, 147, 1, 11),
	(218, 148, 149, 1, 11),
	(219, 149, 150, 1, 11),
	(220, 150, 151, 1, 11),
	(221, 145, 143, 1, 11),
	(222, 146, 145, 1, 11),
	(223, 107, 146, 1, 11),
	(224, 152, 144, 1, 11),
	(225, 152, 111, 1, 11),
	(226, 109, 152, 1, 11),
	(227, 108, 144, 1, 11),
	(228, 153, 118, 1, 11),
	(229, 117, 154, 1, 11),
	(230, 154, 153, 1, 11),
	(231, 153, 44, 1, 11),
	(232, 73, 154, 1, 11),
	(233, 155, 50, 1, 11),
	(234, 156, 155, 1, 11),
	(235, 156, 118, 1, 11),
	(236, 104, 147, 1, 11),
	(237, 103, 148, 1, 11),
	(238, 102, 149, 1, 11),
	(239, 101, 150, 1, 11),
	(240, 97, 151, 1, 11);

-- Dumping structure for table map.nodeobjectlinks
CREATE TABLE IF NOT EXISTS `nodeobjectlinks` (
  `Id` int NOT NULL AUTO_INCREMENT,
  `ObjectId` int NOT NULL,
  `NodeId` int NOT NULL,
  `SchemaId` int NOT NULL,
  PRIMARY KEY (`Id`),
  KEY `IX_NodeObjectLinks_NodeId` (`NodeId`),
  KEY `IX_NodeObjectLinks_ObjectId` (`ObjectId`),
  KEY `IX_NodeObjectLinks_SchemaId` (`SchemaId`),
  CONSTRAINT `FK_NodeObjectLinks_Nodes_NodeId` FOREIGN KEY (`NodeId`) REFERENCES `nodes` (`Id`) ON DELETE CASCADE,
  CONSTRAINT `FK_NodeObjectLinks_Objects_ObjectId` FOREIGN KEY (`ObjectId`) REFERENCES `objects` (`Id`) ON DELETE CASCADE,
  CONSTRAINT `FK_NodeObjectLinks_Schemas_SchemaId` FOREIGN KEY (`SchemaId`) REFERENCES `schemas` (`Id`) ON DELETE CASCADE
) ENGINE=InnoDB AUTO_INCREMENT=65 DEFAULT CHARSET=utf8mb3;

-- Dumping data for table map.nodeobjectlinks: ~55 rows (approximately)
REPLACE INTO `nodeobjectlinks` (`Id`, `ObjectId`, `NodeId`, `SchemaId`) VALUES
	(8, 4, 29, 9),
	(9, 3, 9, 9),
	(10, 5, 24, 9),
	(11, 1, 25, 9),
	(12, 1, 34, 9),
	(13, 2, 34, 9),
	(14, 2, 26, 9),
	(16, 27, 132, 11),
	(17, 14, 132, 11),
	(18, 22, 135, 11),
	(19, 26, 134, 11),
	(20, 8, 53, 11),
	(21, 9, 54, 11),
	(22, 10, 55, 11),
	(23, 11, 39, 11),
	(24, 23, 48, 11),
	(25, 19, 138, 11),
	(26, 23, 71, 11),
	(27, 24, 139, 11),
	(29, 23, 72, 11),
	(30, 24, 141, 11),
	(31, 23, 47, 11),
	(32, 19, 142, 11),
	(33, 29, 84, 11),
	(34, 15, 121, 11),
	(35, 16, 115, 11),
	(36, 17, 112, 11),
	(37, 18, 113, 11),
	(38, 24, 77, 11),
	(39, 24, 78, 11),
	(40, 24, 79, 11),
	(41, 23, 74, 11),
	(42, 23, 75, 11),
	(43, 23, 119, 11),
	(44, 19, 118, 11),
	(45, 19, 117, 11),
	(46, 23, 66, 11),
	(47, 19, 49, 11),
	(48, 24, 70, 11),
	(49, 21, 123, 11),
	(50, 21, 122, 11),
	(51, 20, 125, 11),
	(52, 12, 129, 11),
	(53, 12, 127, 11),
	(54, 12, 128, 11),
	(55, 13, 131, 11),
	(56, 25, 130, 11),
	(57, 29, 151, 11),
	(58, 28, 150, 11),
	(59, 28, 149, 11),
	(60, 28, 148, 11),
	(61, 30, 146, 11),
	(62, 19, 156, 11),
	(63, 30, 147, 11),
	(64, 30, 148, 11);

-- Dumping structure for table map.nodes
CREATE TABLE IF NOT EXISTS `nodes` (
  `Id` int NOT NULL AUTO_INCREMENT,
  `X` float NOT NULL,
  `Y` float NOT NULL,
  `SchemaId` int NOT NULL,
  PRIMARY KEY (`Id`),
  KEY `IX_Nodes_SchemaId` (`SchemaId`),
  CONSTRAINT `FK_Nodes_Schemas_SchemaId` FOREIGN KEY (`SchemaId`) REFERENCES `schemas` (`Id`) ON DELETE CASCADE
) ENGINE=InnoDB AUTO_INCREMENT=157 DEFAULT CHARSET=utf8mb3;

-- Dumping data for table map.nodes: ~151 rows (approximately)
REPLACE INTO `nodes` (`Id`, `X`, `Y`, `SchemaId`) VALUES
	(1, 164.691, 55.9361, 9),
	(2, 196.926, 59.7284, 9),
	(3, 224.894, 69.209, 9),
	(4, 244.803, 82.482, 9),
	(5, 266.135, 109.028, 9),
	(6, 274.668, 136.522, 9),
	(7, 278.498, 166.091, 9),
	(8, 264.239, 199.095, 9),
	(9, 257.602, 214.264, 9),
	(10, 240.063, 196.25, 9),
	(11, 270.952, 157.713, 9),
	(12, 246.351, 96.8568, 9),
	(13, 239.644, 139.675, 9),
	(14, 170.39, 65.5962, 9),
	(15, 195.104, 107.106, 9),
	(16, 138.848, 104.99, 9),
	(17, 89.6891, 90.5933, 9),
	(18, 91.7959, 135.188, 9),
	(19, 53.1709, 150.989, 9),
	(20, 58.0868, 120.791, 9),
	(21, 71.7811, 93.0513, 9),
	(22, 97.7653, 71.2808, 9),
	(23, 129.719, 58.6399, 9),
	(24, 163.408, 23.0834, 9),
	(25, 126.657, 155.614, 9),
	(26, 221.137, 159.864, 9),
	(27, 86.7729, 193.864, 9),
	(28, 66.1769, 206.941, 9),
	(29, 93.6382, 229.498, 9),
	(30, 127.965, 237.671, 9),
	(31, 169.157, 241.594, 9),
	(32, 210.349, 238.652, 9),
	(33, 234.541, 229.171, 9),
	(34, 174.227, 171.411, 9),
	(39, 846.302, 639.147, 11),
	(40, 786.135, 637.889, 11),
	(41, 785.385, 587.582, 11),
	(42, 787.103, 522.345, 11),
	(43, 785.075, 455.823, 11),
	(44, 544.218, 455.608, 11),
	(45, 544.593, 416.976, 11),
	(46, 576.099, 416.976, 11),
	(47, 587.593, 498.438, 11),
	(48, 684.444, 498.171, 11),
	(49, 717.498, 470.985, 11),
	(50, 717.873, 428.228, 11),
	(51, 728.75, 418.101, 11),
	(52, 785.893, 417.375, 11),
	(53, 797.537, 457.108, 11),
	(54, 798.137, 521.413, 11),
	(55, 797.537, 587.124, 11),
	(56, 798.137, 638.433, 11),
	(57, 847.345, 615.029, 11),
	(58, 798.437, 613.829, 11),
	(59, 729.514, 588.214, 11),
	(60, 917.557, 615.029, 11),
	(61, 917.257, 676.239, 11),
	(62, 846.446, 675.34, 11),
	(63, 729.725, 521.365, 11),
	(64, 729.125, 455.702, 11),
	(65, 729.792, 471.547, 11),
	(66, 717.123, 528.314, 11),
	(67, 728.385, 529.345, 11),
	(68, 729.359, 604.339, 11),
	(69, 717.556, 604.805, 11),
	(70, 718.69, 588.025, 11),
	(71, 685.075, 532.36, 11),
	(72, 586.842, 533.202, 11),
	(73, 543.993, 520.513, 11),
	(74, 556.367, 529.857, 11),
	(75, 556.065, 520.679, 11),
	(76, 543.653, 529.094, 11),
	(77, 557.129, 561.133, 11),
	(78, 556.112, 578.679, 11),
	(79, 555.787, 586.816, 11),
	(80, 544.599, 586.816, 11),
	(81, 545.178, 578.424, 11),
	(82, 544.321, 604.846, 11),
	(83, 556.828, 605.124, 11),
	(84, 728.769, 697.936, 11),
	(85, 619.174, 644.283, 11),
	(86, 664.436, 644.283, 11),
	(87, 695.713, 644.537, 11),
	(88, 695.204, 627.501, 11),
	(89, 664.674, 626.992, 11),
	(90, 619.428, 626.992, 11),
	(91, 619.428, 605.378, 11),
	(92, 574.371, 604.853, 11),
	(93, 663.165, 605.887, 11),
	(94, 695.713, 605.124, 11),
	(95, 574.675, 626.738, 11),
	(96, 574.166, 643.52, 11),
	(97, 695.204, 658.777, 11),
	(98, 728.769, 658.777, 11),
	(99, 728.769, 644.283, 11),
	(100, 728.769, 626.738, 11),
	(101, 664.945, 658.523, 11),
	(102, 619.174, 659.286, 11),
	(103, 574.421, 659.031, 11),
	(104, 543.398, 658.777, 11),
	(105, 543.907, 644.283, 11),
	(106, 542.89, 626.484, 11),
	(107, 509.579, 659.031, 11),
	(108, 509.833, 643.775, 11),
	(109, 509.325, 627.246, 11),
	(110, 509.579, 587.833, 11),
	(111, 476.659, 587.857, 11),
	(112, 468.894, 587.324, 11),
	(113, 468.64, 651.149, 11),
	(114, 476.475, 651.427, 11),
	(115, 467.877, 521.72, 11),
	(116, 477.333, 521.164, 11),
	(117, 556.112, 471.118, 11),
	(118, 556.621, 462.981, 11),
	(119, 556.789, 503.251, 11),
	(120, 477.735, 455.339, 11),
	(121, 467.983, 454.613, 11),
	(122, 477.905, 417.349, 11),
	(123, 517.831, 417.591, 11),
	(124, 438.946, 414.929, 11),
	(125, 391.277, 416.381, 11),
	(126, 438.462, 315.477, 11),
	(127, 452.255, 314.509, 11),
	(128, 510.329, 314.267, 11),
	(129, 396.842, 313.541, 11),
	(130, 575.179, 314.509, 11),
	(131, 575.421, 243.609, 11),
	(132, 800.702, 248.449, 11),
	(133, 801.186, 282.81, 11),
	(134, 802.637, 344.03, 11),
	(135, 857.082, 337.98, 11),
	(136, 803.363, 416.865, 11),
	(137, 858.534, 415.655, 11),
	(138, 684.311, 474.698, 11),
	(139, 685.037, 556.002, 11),
	(141, 587.036, 556.728, 11),
	(142, 586.794, 475.423, 11),
	(143, 476.471, 658.931, 11),
	(144, 477.304, 642.54, 11),
	(145, 477.86, 698.105, 11),
	(146, 510.087, 697.271, 11),
	(147, 542.593, 685.603, 11),
	(148, 572.876, 682.824, 11),
	(149, 620.662, 682.269, 11),
	(150, 664.003, 681.991, 11),
	(151, 695.119, 682.547, 11),
	(152, 476.193, 626.982, 11),
	(153, 545.371, 463.064, 11),
	(154, 545.371, 472.233, 11),
	(155, 557.414, 428.324, 11),
	(156, 556.484, 445.839, 11);

-- Dumping structure for table map.objects
CREATE TABLE IF NOT EXISTS `objects` (
  `Id` int NOT NULL AUTO_INCREMENT,
  `Name` longtext NOT NULL,
  `X` float NOT NULL,
  `Y` float NOT NULL,
  `Width` float NOT NULL,
  `Height` float NOT NULL,
  `SchemaId` int NOT NULL,
  PRIMARY KEY (`Id`),
  KEY `IX_Objects_SchemaId` (`SchemaId`),
  CONSTRAINT `FK_Objects_Schemas_SchemaId` FOREIGN KEY (`SchemaId`) REFERENCES `schemas` (`Id`) ON DELETE CASCADE
) ENGINE=InnoDB AUTO_INCREMENT=31 DEFAULT CHARSET=utf8mb3;

-- Dumping data for table map.objects: ~28 rows (approximately)
REPLACE INTO `objects` (`Id`, `Name`, `X`, `Y`, `Width`, `Height`, `SchemaId`) VALUES
	(1, 'Left Eye', 128.414, 149.646, 37.4487, 43.6112, 9),
	(2, 'Right Eye', 180.261, 147.425, 37.4487, 45.9814, 9),
	(3, 'Gun', 251.914, 182.029, 73.4754, 79.6378, 9),
	(4, 'Hand', 74.0383, 248.473, 39.5029, 37.9228, 9),
	(5, 'Space', -7.85713, -9.48069, 374.487, 32.7084, 9),
	(8, 'Казарма #13', 811.77, 438.079, 96.1461, 36.868, 11),
	(9, 'Казарма #12', 810.324, 503.14, 98.3148, 36.1451, 11),
	(10, 'Казарма #11', 813.216, 566.033, 95.4232, 37.591, 11),
	(11, 'Уборная', 857.313, 635.432, 52.7719, 32.5306, 11),
	(12, 'Штабы', 365.926, 227.191, 175.721, 71.1781, 11),
	(13, 'Мед. Пункт', 596.634, 226.88, 68.3978, 32.2526, 11),
	(14, 'Склад Продуктов', 695.06, 225.212, 92.3092, 35.5891, 11),
	(15, 'Казарма #9', 364.193, 436.522, 95.6456, 36.7012, 11),
	(16, 'Казарма #8', 364.749, 501.584, 96.2017, 37.2573, 11),
	(17, 'Казарма #7', 363.637, 564.977, 97.87, 37.8134, 11),
	(18, 'Казарма #6', 364.193, 629.482, 96.7578, 37.8134, 11),
	(19, 'Учебный корпус #1', 569.943, 440.415, 131.235, 35.033, 11),
	(20, 'Спортивный комплекс', 359.189, 343.657, 70.066, 33.3648, 11),
	(21, 'Склад вооружения', 447.769, 341.45, 105.595, 48.4698, 11),
	(22, 'Полигон', 868.995, 297.02, 47.8928, 79.629, 11),
	(23, 'Учебный корпус #2', 570.674, 498.977, 129.83, 32.8902, 11),
	(24, 'Копрус подготовки Сапёров', 570.674, 556.679, 129.83, 34.6213, 11),
	(25, 'Общий склад', 597.218, 287.787, 67.5115, 73.8588, 11),
	(26, 'Кафе "У Матрёны"', 695.888, 323.563, 94.6316, 38.6605, 11),
	(27, 'Бассейн', 815.332, 232.97, 93.4775, 34.6213, 11),
	(28, 'КПП', 575.889, 685.911, 113.096, 27.697, 11),
	(29, 'Правый пост', 691.208, 687.578, 29.4281, 16.1566, 11),
	(30, 'Левый пост', 523.006, 688.762, 52.0923, 13.3356, 11);

-- Dumping structure for table map.organizations
CREATE TABLE IF NOT EXISTS `organizations` (
  `Id` char(36) NOT NULL,
  `Name` longtext NOT NULL,
  `Desc` longtext NOT NULL,
  `Phone` longtext NOT NULL,
  `Site` longtext NOT NULL,
  `Address` longtext NOT NULL,
  PRIMARY KEY (`Id`)
) ENGINE=InnoDB DEFAULT CHARSET=utf8mb3;

-- Dumping data for table map.organizations: ~1 rows (approximately)
REPLACE INTO `organizations` (`Id`, `Name`, `Desc`, `Phone`, `Site`, `Address`) VALUES
	('7940ab73-6198-4671-5f02-08dc2f33e79f', 'Evil Inc.', 'Evilness', '666', 'evil.com', 'Hell'),
	('7be36664-586d-4e78-1cac-08dc2f0ac00f', 'Name', 'Area', 'Phone', 'Site', 'Address');

-- Dumping structure for table map.schemas
CREATE TABLE IF NOT EXISTS `schemas` (
  `Id` int NOT NULL AUTO_INCREMENT,
  `Name` longtext NOT NULL,
  `ImagePath` longtext NOT NULL,
  `OrganizationId` char(36) NOT NULL,
  PRIMARY KEY (`Id`),
  KEY `IX_Schemas_OrganizationId` (`OrganizationId`),
  CONSTRAINT `FK_Schemas_Organizations_OrganizationId` FOREIGN KEY (`OrganizationId`) REFERENCES `organizations` (`Id`) ON DELETE CASCADE
) ENGINE=InnoDB AUTO_INCREMENT=14 DEFAULT CHARSET=utf8mb3;

-- Dumping data for table map.schemas: ~1 rows (approximately)
REPLACE INTO `schemas` (`Id`, `Name`, `ImagePath`, `OrganizationId`) VALUES
	(9, 'Ejik', 'image_map_0966fda8-d6a7-4b3f-b79b-64acdc16ca21.png', '7be36664-586d-4e78-1cac-08dc2f0ac00f'),
	(11, 'Military Base', 'image_map_01a2314d-82f6-4dee-9de3-67960cda0548.png', '7be36664-586d-4e78-1cac-08dc2f0ac00f');

/*!40103 SET TIME_ZONE=IFNULL(@OLD_TIME_ZONE, 'system') */;
/*!40101 SET SQL_MODE=IFNULL(@OLD_SQL_MODE, '') */;
/*!40014 SET FOREIGN_KEY_CHECKS=IFNULL(@OLD_FOREIGN_KEY_CHECKS, 1) */;
/*!40101 SET CHARACTER_SET_CLIENT=@OLD_CHARACTER_SET_CLIENT */;
/*!40111 SET SQL_NOTES=IFNULL(@OLD_SQL_NOTES, 1) */;
